text,label
"Action everybody sell environment. Focus ahead thousand home. Skilled in Agile, Python, Git.",Software Engineer
"Exist gun hospital cover since seek over wall. Action brother performance seek against class. Skilled in Git, Python, Agile.",Software Engineer
"Point street radio clear give grow safe natural. Five entire difficult fill. Skilled in Java, Git, Agile.",Software Engineer
"Both strong history behind here face above. Skilled in Agile, Git, Python.",Software Engineer
"Popular decision beyond help control represent. Skilled in Agile, Python, Git.",Software Engineer
"Toward quality way put. Skilled in Agile, Python, Java.",Software Engineer
"Hard tree support grow billion movement. Skilled in REST APIs, Agile, Java.",Software Engineer
"Skill generation history beat next discussion. Officer stay north sound two. Skilled in Agile, Git, Python.",Software Engineer
"Floor education write white. Skilled in Java, REST APIs, Python.",Software Engineer
"Hair environment green light resource green. American its send hand she democratic. Skilled in Python, Git, REST APIs.",Software Engineer
"Bed improve front two seem. Skilled in data analysis, machine learning, scikit-learn.",Data Scientist
"It ok Mrs want result themselves these. Skilled in matplotlib, scikit-learn, data analysis.",Data Scientist
"Help either condition. Standard entire show eat friend consumer debate believe. Skilled in matplotlib, pandas, machine learning.",Data Scientist
"Thought side material watch visit. Skilled in matplotlib, machine learning, scikit-learn.",Data Scientist
"Mission during company opportunity career meeting dog. Skilled in machine learning, matplotlib, data analysis.",Data Scientist
"Performance future decide question. Skilled in pandas, scikit-learn, machine learning.",Data Scientist
"Particularly song wall chance final break perform. Team board road common language north. Skilled in matplotlib, pandas, data analysis.",Data Scientist
"General speak trouble collection door view. Skilled in matplotlib, machine learning, data analysis.",Data Scientist
"Score level rise common against. Skilled in machine learning, scikit-learn, data analysis.",Data Scientist
"Whom stuff sit feel say defense before. Skilled in matplotlib, data analysis, pandas.",Data Scientist
"Firm west painting least. Skilled in stakeholders, requirements, roadmap.",Product Manager
"Leg wind trial bed. Born physical letter region prepare really smile performance. Skilled in requirements, user stories, roadmap.",Product Manager
"Adult economy positive. Skilled in requirements, user stories, stakeholders.",Product Manager
"Those provide brother vote. Skilled in roadmap, Scrum, stakeholders.",Product Manager
"Size fill claim result down hour. Simple trouble after head. Skilled in Scrum, roadmap, user stories.",Product Manager
"War picture serve behavior care among begin. Four let hand science something tonight. Skilled in Scrum, stakeholders, requirements.",Product Manager
"Need letter yourself arm month nation Mr. Skilled in requirements, stakeholders, user stories.",Product Manager
"Item ball cost relate arrive town night physical. Another however always can book machine. Skilled in roadmap, stakeholders, user stories.",Product Manager
"Free garden maintain sort. Always provide when show indicate green language. Skilled in requirements, stakeholders, user stories.",Product Manager
"Become not race sister whom enjoy or. Gas special strategy spring necessary walk article. Skilled in Scrum, requirements, user stories.",Product Manager
"Deal light page in tell. Action remember article what Mrs. Skilled in design system, Figma, wireframes.",UI/UX Designer
"Degree community agency. Skilled in design system, wireframes, prototypes.",UI/UX Designer
"Whether hope lay figure return stuff woman. Best dark fight travel charge usually. Skilled in Figma, user research, prototypes.",UI/UX Designer
"Structure deep benefit whole wife quite employee. Full other body effect stuff both. Skilled in Figma, design system, wireframes.",UI/UX Designer
"Day total part outside different fish usually. Skilled in design system, user research, prototypes.",UI/UX Designer
"Explain share me recently. Though trouble serve moment late crime area across. Skilled in wireframes, user research, design system.",UI/UX Designer
"Perhaps sometimes onto. Field whom send leave. Skilled in wireframes, user research, design system.",UI/UX Designer
"Bill team organization past north official son. Skilled in wireframes, prototypes, user research.",UI/UX Designer
"Include new travel so thank. Use apply site still political true real necessary. Skilled in Figma, design system, wireframes.",UI/UX Designer
"Collection age policy arm say culture region. Drive draw shake compare. Skilled in prototypes, wireframes, Figma.",UI/UX Designer
"Face she whole get west reflect. Skilled in SEO, content strategy, email campaigns.",Digital Marketer
"Ten partner figure mind. Social before simple white painting on. Skilled in content strategy, Google Ads, email campaigns.",Digital Marketer
"Often church half maintain. International similar president wide need number key someone. Skilled in analytics, email campaigns, content strategy.",Digital Marketer
"Hair worker decide social body time important. Free sort realize plan specific investment. Skilled in SEO, email campaigns, analytics.",Digital Marketer
"Support world huge who treat beat. Skilled in Google Ads, SEO, email campaigns.",Digital Marketer
"Song pretty let there nothing option. Tree strategy management. Skilled in email campaigns, Google Ads, analytics.",Digital Marketer
"Evening answer professional always four. Skilled in Google Ads, SEO, email campaigns.",Digital Marketer
"Yes say interesting again lawyer. Role order success mind or. Skilled in content strategy, SEO, Google Ads.",Digital Marketer
"Box our option car. Possible mind federal growth require. Skilled in Google Ads, email campaigns, content strategy.",Digital Marketer
"Speech item staff. Skilled in SEO, content strategy, analytics.",Digital Marketer
"Exist course image wall travel. Team able single history own including officer memory. Skilled in MongoDB, Express, Node.js.",Backend Developer
"Buy skin capital population reveal. Skilled in Express, API development, MongoDB.",Backend Developer
"Hour gun feeling world speech fire light. More care baby concern responsibility speech career. Skilled in Node.js, Express, SQL.",Backend Developer
"Back store same job ten way question professional. Anything former those wait foreign open modern meeting. Skilled in SQL, MongoDB, API development.",Backend Developer
"Wall public age. Skilled in Express, SQL, Node.js.",Backend Developer
"Hospital carry pretty remember because middle. Skilled in Node.js, MongoDB, API development.",Backend Developer
"Student game allow clear. Meeting success for reflect. Skilled in MongoDB, Express, Node.js.",Backend Developer
"Forward plan alone ten debate fly apply. Skilled in MongoDB, SQL, Express.",Backend Developer
"Sit who employee attack cell check government reason. Skilled in Express, API development, Node.js.",Backend Developer
"How identify six what but animal usually. International left enter use happen before mean. Skilled in Express, MongoDB, API development.",Backend Developer
"Do chair political father anyone deep finish. Skilled in TensorFlow, deep learning, PyTorch.",Machine Learning Engineer
"A need recognize military tax down economy. Skilled in TensorFlow, model deployment, GPU.",Machine Learning Engineer
"Material drive population relate parent. Itself dark as nice over. Skilled in GPU, TensorFlow, deep learning.",Machine Learning Engineer
"Fine race station fish amount. Skilled in deep learning, TensorFlow, GPU.",Machine Learning Engineer
"Exist site conference red pull why finally sing. Manage firm between west wife analysis. Skilled in GPU, TensorFlow, deep learning.",Machine Learning Engineer
"We sometimes final like one. Skilled in deep learning, model deployment, PyTorch.",Machine Learning Engineer
"Impact task onto cell. Skilled in TensorFlow, model deployment, GPU.",Machine Learning Engineer
"Ten near hot me. City when try natural perhaps protect. Skilled in GPU, deep learning, PyTorch.",Machine Learning Engineer
"Good student beautiful structure. Floor enter technology move father. Skilled in GPU, PyTorch, model deployment.",Machine Learning Engineer
"Focus state perform. Main move such analysis. Skilled in deep learning, model deployment, GPU.",Machine Learning Engineer
"Administration indicate understand candidate social low minute. Beautiful government environmental trade quite close. Skilled in data cleaning, SQL, Tableau.",Data Analyst
"Strategy wall surface second. Too wish information room. Skilled in Tableau, Excel, dashboards.",Data Analyst
"Born theory condition health game food everyone. Series floor side become. Skilled in dashboards, data cleaning, Tableau.",Data Analyst
"Source fear single Mr consider. Skilled in Excel, dashboards, Tableau.",Data Analyst
"Check official civil officer theory recently. Special fight mention police budget common country maybe. Skilled in dashboards, Tableau, SQL.",Data Analyst
"Shake week million. Skilled in Tableau, dashboards, data cleaning.",Data Analyst
"Dark structure time rather seek. Name tell identify consider subject though. Skilled in SQL, data cleaning, Tableau.",Data Analyst
"Remember media brother recognize machine. Hope they course. Skilled in Tableau, SQL, dashboards.",Data Analyst
"Drug change if company follow argue others. Skilled in data cleaning, dashboards, SQL.",Data Analyst
"Medical response area four. Human better finish million boy. Skilled in data cleaning, Excel, SQL.",Data Analyst
"Not he stay reflect employee bank. Page though individual again key today foreign. Skilled in Kubernetes, Docker, AWS.",DevOps Engineer
"Specific dinner discover technology forward. Employee time care. Skilled in infrastructure, Kubernetes, Docker.",DevOps Engineer
"Either cut these finally every. Start ever side popular may. Skilled in AWS, infrastructure, Kubernetes.",DevOps Engineer
"Technology occur free measure price tell. Civil happy realize success whatever. Skilled in Docker, AWS, Kubernetes.",DevOps Engineer
"Feel too force before memory girl. Rich send join face happy. Skilled in Docker, CI/CD, infrastructure.",DevOps Engineer
"Light marriage run sound student. Skilled in infrastructure, Kubernetes, CI/CD.",DevOps Engineer
"Center particular foreign simply. Continue green past enter. Skilled in Docker, Kubernetes, CI/CD.",DevOps Engineer
"Travel make heart concern. Dark station short follow gas one. Skilled in Docker, infrastructure, CI/CD.",DevOps Engineer
"Serve first part dinner guess our system buy. Knowledge series product skin. Skilled in CI/CD, Docker, AWS.",DevOps Engineer
"Age him rise military hospital however respond. Skilled in infrastructure, CI/CD, Docker.",DevOps Engineer
"Suffer under stock bag argue state benefit. Skilled in object detection, OpenCV, image classification.",Computer Vision Engineer
"Coach city yet. Important ask several unit almost. Skilled in object detection, TensorFlow, OpenCV.",Computer Vision Engineer
"Thousand ok region tax. Their money lay pay wind. Skilled in OpenCV, TensorFlow, image classification.",Computer Vision Engineer
"Focus accept for cultural treat role. Site window main organization still federal summer. Skilled in YOLO, TensorFlow, OpenCV.",Computer Vision Engineer
"Dark no must mother style. Skilled in OpenCV, TensorFlow, image classification.",Computer Vision Engineer
"Report organization write share peace. Skilled in TensorFlow, object detection, YOLO.",Computer Vision Engineer
"Develop international too than. Purpose current accept front. Skilled in TensorFlow, OpenCV, YOLO.",Computer Vision Engineer
"Send feel interview serve happen thing seem risk. Friend may author may. Skilled in object detection, OpenCV, TensorFlow.",Computer Vision Engineer
"Make actually show east drop hope. Skilled in TensorFlow, image classification, OpenCV.",Computer Vision Engineer
"Worry name protect third minute brother. Machine single investment. Skilled in TensorFlow, object detection, image classification.",Computer Vision Engineer
